{"stats":{"minecraft:used":{"minecraft:stone_axe":16,"minecraft:crafting_table":1,"minecraft:stone_pickaxe":21,"minecraft:egg":1,"minecraft:wooden_pickaxe":4},"minecraft:picked_up":{"minecraft:crafting_table":1,"minecraft:stick":2,"minecraft:oak_log":17,"minecraft:cobblestone":25,"minecraft:dirt":7,"minecraft:egg":1},"minecraft:crafted":{"minecraft:stone_sword":1,"minecraft:furnace":2,"minecraft:oak_planks":60,"minecraft:stone_axe":1,"minecraft:crafting_table":1,"minecraft:stick":8,"minecraft:wooden_pickaxe":1,"minecraft:stone_pickaxe":1},"minecraft:mined":{"minecraft:grass_block":3,"minecraft:oak_log":18,"minecraft:dirt":4,"minecraft:stone":25,"minecraft:oak_leaves":4,"minecraft:crafting_table":1},"minecraft:custom":{"minecraft:time_since_rest":5151,"minecraft:damage_taken":10,"minecraft:crouch_one_cm":3032,"minecraft:play_time":5151,"minecraft:sprint_one_cm":9984,"minecraft:walk_one_cm":12091,"minecraft:sneak_time":865,"minecraft:jump":58,"minecraft:leave_game":1,"minecraft:time_since_death":5151,"minecraft:total_world_time":5151,"minecraft:interact_with_crafting_table":5,"minecraft:fly_one_cm":5642,"minecraft:fall_one_cm":813}},"DataVersion":3120}