{"stats":{"minecraft:killed":{"minecraft:cow":7},"minecraft:used":{"minecraft:stone_sword":15,"minecraft:stone_pickaxe":48,"minecraft:wooden_pickaxe":4,"minecraft:stone_axe":19,"minecraft:crafting_table":2,"minecraft:furnace":2,"minecraft:oak_boat":2,"minecraft:egg":1,"minecraft:cooked_beef":2},"minecraft:dropped":{"minecraft:acacia_leaves":1600},"minecraft:picked_up":{"minecraft:raw_iron":5,"minecraft:stick":2,"minecraft:crafting_table":2,"minecraft:leather":9,"minecraft:oak_log":19,"minecraft:carrot":9,"mekanism:raw_tin":1,"minecraft:dirt":7,"quark:jasper":1,"minecraft:beef":11,"minecraft:oak_boat":2,"minecraft:sugar_cane":10,"minecraft:coal":28,"minecraft:furnace":2,"minecraft:cobblestone":26,"minecraft:egg":1},"minecraft:crafted":{"minecraft:cooked_beef":6,"minecraft:oak_boat":1,"minecraft:oak_planks":76,"minecraft:crafting_table":1,"minecraft:stick":8,"minecraft:iron_ingot":2,"minecraft:wooden_pickaxe":1,"minecraft:stone_pickaxe":1,"minecraft:stone_sword":1,"minecraft:furnace":2,"minecraft:stone_axe":1,"minecraft:air":0},"minecraft:mined":{"minecraft:furnace":2,"minecraft:iron_ore":5,"farmersdelight:wild_carrots":9,"minecraft:crafting_table":2,"minecraft:grass":2,"minecraft:coal_ore":16,"minecraft:grass_block":3,"minecraft:oak_log":19,"mekanism:tin_ore":1,"minecraft:dirt":4,"minecraft:tall_grass":2,"minecraft:stone":26,"minecraft:sugar_cane":5,"minecraft:oak_leaves":4,"quark:jasper":1},"minecraft:custom":{"minecraft:time_since_rest":20244,"minecraft:interact_with_furnace":4,"minecraft:sprint_one_cm":34399,"minecraft:damage_taken":50,"minecraft:walk_one_cm":38284,"minecraft:mob_kills":7,"minecraft:drop":25,"minecraft:damage_dealt":700,"minecraft:interact_with_crafting_table":6,"minecraft:fly_one_cm":57483,"minecraft:crouch_one_cm":3333,"minecraft:play_time":20244,"minecraft:sneak_time":978,"minecraft:walk_under_water_one_cm":510,"minecraft:boat_one_cm":1405,"minecraft:jump":294,"minecraft:climb_one_cm":196,"minecraft:leave_game":2,"minecraft:time_since_death":20244,"minecraft:walk_on_water_one_cm":960,"minecraft:total_world_time":20244,"minecraft:fall_one_cm":7829}},"DataVersion":3120}