{
	"level_seeds": [
		{
			"dim": "ad_astra:glacio_orbit",
			"seed": -1393487652722106704
		},
		{
			"dim": "ad_astra:mars",
			"seed": -1393487652722106704
		},
		{
			"dim": "minecraft:the_end",
			"seed": -1393487652722106704
		},
		{
			"dim": "minecraft:overworld",
			"seed": -1393487652722106704
		},
		{
			"dim": "ad_astra:venus",
			"seed": -1393487652722106704
		},
		{
			"dim": "ad_astra:moon",
			"seed": -1393487652722106704
		},
		{
			"dim": "ad_astra:earth_orbit",
			"seed": -1393487652722106704
		},
		{
			"dim": "ad_astra:moon_orbit",
			"seed": -1393487652722106704
		},
		{
			"dim": "ad_astra:venus_orbit",
			"seed": -1393487652722106704
		},
		{
			"dim": "minecraft:the_nether",
			"seed": -1393487652722106704
		},
		{
			"dim": "ad_astra:glacio",
			"seed": -1393487652722106704
		},
		{
			"dim": "ad_astra:mercury",
			"seed": -1393487652722106704
		},
		{
			"dim": "ad_astra:mars_orbit",
			"seed": -1393487652722106704
		},
		{
			"dim": "ad_astra:mercury_orbit",
			"seed": -1393487652722106704
		}
	],
	"structure_seeds": [
		{
			"dim": "ad_astra:glacio_orbit",
			"seed": -1393487652722106704
		},
		{
			"dim": "ad_astra:mars",
			"seed": -1393487652722106704
		},
		{
			"dim": "minecraft:the_end",
			"seed": -1393487652722106704
		},
		{
			"dim": "minecraft:overworld",
			"seed": -1393487652722106704
		},
		{
			"dim": "ad_astra:venus",
			"seed": -1393487652722106704
		},
		{
			"dim": "ad_astra:moon",
			"seed": -1393487652722106704
		},
		{
			"dim": "ad_astra:earth_orbit",
			"seed": -1393487652722106704
		},
		{
			"dim": "ad_astra:moon_orbit",
			"seed": -1393487652722106704
		},
		{
			"dim": "ad_astra:venus_orbit",
			"seed": -1393487652722106704
		},
		{
			"dim": "minecraft:the_nether",
			"seed": -1393487652722106704
		},
		{
			"dim": "ad_astra:glacio",
			"seed": -1393487652722106704
		},
		{
			"dim": "ad_astra:mercury",
			"seed": -1393487652722106704
		},
		{
			"dim": "ad_astra:mars_orbit",
			"seed": -1393487652722106704
		},
		{
			"dim": "ad_astra:mercury_orbit",
			"seed": -1393487652722106704
		}
	]
}